﻿<?xml version="1.0" encoding="UTF-8" ?>
<Mascot xmlns="http://www.group-finity.com/Mascot" xmlns:xsi="http://www.w3.org/2001/XMLSchema-instance"
	xsi:schemaLocation="http://www.group-finity.com/Mascot Mascot.xsd">

	<ActionList>
		<Action Name="Look" Type="Embedded" Class="com.group_finity.mascot.action.Look" />
		<Action Name="Offset" Type="Embedded" Class="com.group_finity.mascot.action.Offset" />

		<!-- Standing -->

		<Action Name="Stand" Type="Stay" BorderType="Floor">
			<Animation>
				<Pose Image="/shime1.png" ImageAnchor="64,128" Velocity="0,0" Duration="250" />

				<Hotspot Shape="Ellipse" Origin="47,14" Size="44,21" Behavior="Stare" />
			</Animation>
		</Action>

		<Action Name="Stare" Type="Stay" BorderType="Floor" Duration ="50">
			<Animation>
				<Pose Image="/shime35.png" ImageAnchor="64,128" Velocity="0,0" Duration="5" />
				<Pose Image="/shime34.png" ImageAnchor="64,128" Velocity="0,0" Duration="15" />
				<Pose Image="/shime35.png" ImageAnchor="64,128" Velocity="0,0" Duration="5" />
				<Pose Image="/shime36.png" ImageAnchor="64,128" Velocity="0,0" Duration="10" />
				<Pose Image="/shime35.png" ImageAnchor="64,128" Velocity="0,0" Duration="5" />
				<Pose Image="/shime1.png" ImageAnchor="64,128" Velocity="0,0" Duration="10" />
			</Animation>
		</Action>

		<Action Name="Walk" Type="Move" BorderType="Floor">
			<Animation>
				<Pose Image="/shime1.png" ImageAnchor="64,128" Velocity="-2,0" Duration="6" />
				<Pose Image="/shime2.png" ImageAnchor="64,128" Velocity="-2,0" Duration="6" />
				<Pose Image="/shime1.png" ImageAnchor="64,128" Velocity="-2,0" Duration="6" />
				<Pose Image="/shime3.png" ImageAnchor="64,128" Velocity="-2,0" Duration="6" />
			</Animation>
		</Action>

		<Action Name="Run" Type="Move" BorderType="Floor">
			<Animation>
				<Pose Image="/shime1.png" ImageAnchor="64,128" Velocity="-4,0" Duration="2" />
				<Pose Image="/shime2.png" ImageAnchor="64,128" Velocity="-4,0" Duration="2" />
				<Pose Image="/shime1.png" ImageAnchor="64,128" Velocity="-4,0" Duration="2" />
				<Pose Image="/shime3.png" ImageAnchor="64,128" Velocity="-4,0" Duration="2" />
			</Animation>
		</Action>

		<Action Name="Dash" Type="Move" BorderType="Floor">
			<Animation>
				<Pose Image="/shime1.png" ImageAnchor="64,128" Velocity="-8,0" Duration="2" />
				<Pose Image="/shime2.png" ImageAnchor="64,128" Velocity="-8,0" Duration="2" />
				<Pose Image="/shime1.png" ImageAnchor="64,128" Velocity="-8,0" Duration="2" />
				<Pose Image="/shime3.png" ImageAnchor="64,128" Velocity="-8,0" Duration="2" />
			</Animation>
		</Action>

		<Action Name="FastDash" Type="Move" BorderType="Floor">
			<Animation>
				<Pose Image="/shime1.png" ImageAnchor="64,128" Velocity="-16,0" Duration="1" />
				<Pose Image="/shime2.png" ImageAnchor="64,128" Velocity="-16,0" Duration="1" />
				<Pose Image="/shime1.png" ImageAnchor="64,128" Velocity="-16,0" Duration="1" />
				<Pose Image="/shime3.png" ImageAnchor="64,128" Velocity="-16,0" Duration="1" />
			</Animation>
		</Action>

		<!-- Sitting -->

		<Action Name="Sit" Type="Stay" BorderType="Floor">
			<Animation>
				<Pose Image="/shime11.png" ImageAnchor="64,128" Velocity="0,0" Duration="250" />

				<Hotspot Shape="Ellipse" Origin="56,25" Size="48,21" Behavior="SitAndSpinHead" />
			</Animation>
		</Action>
		<Action Name="SitAndLookUp" Type="Stay" BorderType="Floor">
			<Animation>
				<Pose Image="/shime26.png" ImageAnchor="64,128" Velocity="0,0" Duration="250" />
			</Animation>
		</Action>

		<Action Name="SitAndLookAtMouse" Type="Stay" BorderType="Floor">
			<Animation Condition="#{mascot.environment.cursor.y &gt; mascot.environment.screen.height/2}">
				<!-- The original version is Look up, but now it's look "down" -->
				<Pose Image="/shime26.png" ImageAnchor="64,128" Velocity="0,0" Duration="250" />
			</Animation>
			<Animation>
				<Pose Image="/shime11.png" ImageAnchor="64,128" Velocity="0,0" Duration="250" />
			</Animation>
		</Action>

		<Action Name="SitAndSpinHeadAction" Type="Animate" BorderType="Floor">
			<Animation>
				<Pose Image="/shime26.png" ImageAnchor="64,128" Velocity="0,0" Duration="5" />
				<Pose Image="/shime15.png" ImageAnchor="64,128" Velocity="0,0" Duration="5" />
				<Pose Image="/shime27.png" ImageAnchor="64,128" Velocity="0,0" Duration="5" />
				<Pose Image="/shime16.png" ImageAnchor="64,128" Velocity="0,0" Duration="5" />
				<Pose Image="/shime28.png" ImageAnchor="64,128" Velocity="0,0" Duration="5" />
				<Pose Image="/shime17.png" ImageAnchor="64,128" Velocity="0,0" Duration="5" />
				<Pose Image="/shime29.png" ImageAnchor="64,128" Velocity="0,0" Duration="5" />
				<Pose Image="/shime11.png" ImageAnchor="64,128" Velocity="0,0" Duration="5" />
			</Animation>
		</Action>

		<!-- <Action Name="SitWithLegsUp" Type="Stay" BorderType="Floor">
			<Animation>
				<Pose Image="/shime30.png" ImageAnchor="64,112" Velocity="0,0" Duration="250" />
			</Animation>
		</Action>

		<Action Name="SitWithLegsDown" Type="Stay" BorderType="Floor">
			<Animation>
				<Pose Image="/shime31.png" ImageAnchor="64,112" Velocity="0,0" Duration="250" />
			</Animation>
		</Action> -->
<!-- 
		<Action Name="SitAndDangleLegs" Type="Stay" BorderType="Floor">
			<Animation>
				<Pose Image="/shime31.png" ImageAnchor="64,112" Velocity="0,0" Duration="5" />
				<Pose Image="/shime32.png" ImageAnchor="64,112" Velocity="0,0" Duration="15" />
				<Pose Image="/shime31.png" ImageAnchor="64,112" Velocity="0,0" Duration="5" />
				<Pose Image="/shime33.png" ImageAnchor="64,112" Velocity="0,0" Duration="15" />
			</Animation>
		</Action> -->

		<Action Name="DancePart" Type="Stay" BorderType="Floor">
			<Animation>
				<Pose Image="/shime30.png" ImageAnchor="64,128" Velocity="0,0" Duration="15" />
				<Pose Image="/shime31.png" ImageAnchor="64,128" Velocity="0,0" Duration="15" />
				<Pose Image="/shime32.png" ImageAnchor="64,128" Velocity="0,0" Duration="15" />
				<Pose Image="/shime33.png" ImageAnchor="64,128" Velocity="0,0" Duration="15" />
			</Animation>
		</Action>	

		<!-- Laying -->

		<Action Name="Sprawl" Type="Stay" BorderType="Floor">
			<Animation>
				<Pose Image="/shime21.png" ImageAnchor="64,128" Velocity="0,0" Duration="250" />
			</Animation>
		</Action>

		<Action Name="Creep" Type="Move" BorderType="Floor">
			<Animation>
				<Pose Image="/shime20.png" ImageAnchor="64,128" Velocity="0,0" Duration="28" />
				<Pose Image="/shime20.png" ImageAnchor="64,128" Velocity="-2,0" Duration="4" />
				<Pose Image="/shime21.png" ImageAnchor="64,128" Velocity="-2,0" Duration="4" />
				<Pose Image="/shime21.png" ImageAnchor="64,128" Velocity="-1,0" Duration="4" />
				<Pose Image="/shime21.png" ImageAnchor="64,128" Velocity="0,0" Duration="24" />
			</Animation>
		</Action>

		<!-- Sleeping & wake up-->

		<Action Name="SleepZ" Type="Stay" BorderType="Floor">
			<Animation>
				<Pose Image="/sleep.png" ImageAnchor="64,128" Velocity="0,0" Duration="50" />
				<Pose Image="/sleep_z.png" ImageAnchor="64,128" Velocity="0,0" Duration="50" />
			</Animation>
		</Action>

		<Action Name="DreamDoras" Type="Stay" BorderType="Floor" Duration="50">
			<Animation>
				<Pose Image="/dream_doras.png" ImageAnchor="64,128" Velocity="0,0" Duration="50" />

				<Hotspot Shape="Ellipse" Origin="72,30" Size="50,50" Behavior="WakeFromDream" />
			</Animation>
		</Action>

		<Action Name="DreamQi" Type="Stay" BorderType="Floor" Duration="50">
			<Animation>
				<Pose Image="/dream_qi.png" ImageAnchor="64,128" Velocity="0,0" Duration="50" />
				<Hotspot Shape="Ellipse" Origin="72,30" Size="50,50" Behavior="WakeFromDream" />
			</Animation>
		</Action>

		<Action Name="DreamX" Type="Stay" BorderType="Floor" Duration="50">
			<Animation>
				<Pose Image="/dream_x.png" ImageAnchor="64,128" Velocity="0,0" Duration="50" />
				<Hotspot Shape="Ellipse" Origin="72,30" Size="50,50" Behavior="WakeFromDream" />
			</Animation>
		</Action>

		<Action Name="DreamJing" Type="Stay" BorderType="Floor" Duration="50">
			<Animation>
				<Pose Image="/dream_jing.png" ImageAnchor="64,128" Velocity="0,0" Duration="50" />
				<Hotspot Shape="Ellipse" Origin="72,30" Size="50,50" Behavior="WakeFromDream" />
			</Animation>
		</Action>

		<Action Name="DreamEye" Type="Stay" BorderType="Floor" Duration="50">
			<Animation>
				<Pose Image="/dream_eye.png" ImageAnchor="64,128" Velocity="0,0" Duration="50" />
				<Hotspot Shape="Ellipse" Origin="72,30" Size="50,50" Behavior="WakeFromDream" />
			</Animation>
		</Action>

		<Action Name="DreamSingle" Type="Select">
			<!-- <ActionReference Name="DreamQi" Condition="${(mascot.environment.cursor.x * 4 + mascot.environment.cursor.y) % 5 == 0}"/> -->
			<ActionReference Name="DreamEye" Condition="${(17*Date.now()+13*mascot.anchor.x+7) % 5 == 0}"/>
			<ActionReference Name="DreamJing" Condition="${(17*Date.now()+13*mascot.anchor.x+7) % 5 == 1}"/>
			<ActionReference Name="DreamDoras" Condition="${(17*Date.now()+13*mascot.anchor.x+7) % 5 == 2}"/>
			<ActionReference Name="DreamX" Condition="${(17*Date.now()+13*mascot.anchor.x+7) % 5 == 3}"/>
			<ActionReference Name="DreamQi"  Condition="${(17*Date.now()+13*mascot.anchor.x+7) % 5 == 4}"/>
		</Action>

		<Action Name="WakeFromDreamAction" Type="Animate" BorderType="Floor">
			<Animation>
				<Pose Image="/awake.png" ImageAnchor="64,128" Velocity="0,0" Duration="10" />
				<Pose Image="/shime19.png" ImageAnchor="64,128" Velocity="0,0" Duration="4" />
			</Animation>
		</Action>

		<Action Name="WakeFromSleepAction" Type="Animate" BorderType="Floor">
			<Animation>
				<Pose Image="/shime20.png" ImageAnchor="64,128" Velocity="0,0" Duration="4" />
				<Pose Image="/shime21.png" ImageAnchor="64,128" Velocity="0,0" Duration="4" />
				<Pose Image="/shime20.png" ImageAnchor="64,128" Velocity="0,0" Duration="4" />
				<Pose Image="/shime21.png" ImageAnchor="64,128" Velocity="0,0" Duration="15" />
				<Pose Image="/shime19.png" ImageAnchor="64,128" Velocity="0,0" Duration="4" />
			</Animation>
		</Action>


		<!-- Ceiling -->

		<Action Name="GrabCeiling" Type="Stay" BorderType="Ceiling">
			<Animation>
				<Pose Image="/shime23.png" ImageAnchor="64,48" Velocity="0,0" Duration="250" />
			</Animation>
		</Action>

		<!-- this shimeji do not have ClimbCeiling action-->
		
		<Action Name="Flying" Type="Move">	<!-- No BorderType="Ceiling" -->
			<Animation>
				<Pose Image="/shime25.png" ImageAnchor="64,48" Velocity="-1,0" Duration="10" />
				<Pose Image="/shime24.png" ImageAnchor="64,48" Velocity="-1,-1" Duration="10" />
				<Pose Image="/shime25.png" ImageAnchor="64,48" Velocity="-1,0" Duration="10" />
				<Pose Image="/shime23.png" ImageAnchor="64,48" Velocity="-1,1" Duration="10" />
			</Animation>
		</Action>

		<!-- Wall -->

		<Action Name="GrabWall" Type="Stay" BorderType="Wall">
			<Animation>
				<Pose Image="/shime13.png" ImageAnchor="64,128" Velocity="0,0" Duration="250" />
			</Animation>
		</Action>
		<Action Name="ClimbWall" Type="Move" BorderType="Wall">
			<Animation Condition="#{TargetY &lt; mascot.anchor.y}">
				<Pose Image="/shime14.png" ImageAnchor="64,128" Velocity="0,0" Duration="16" />
				<Pose Image="/shime14.png" ImageAnchor="64,128" Velocity="0,-1" Duration="4" />
				<Pose Image="/shime12.png" ImageAnchor="64,128" Velocity="0,-1" Duration="4" />
				<Pose Image="/shime13.png" ImageAnchor="64,128" Velocity="0,-1" Duration="4" />
				<Pose Image="/shime13.png" ImageAnchor="64,128" Velocity="0,0" Duration="16" />
				<Pose Image="/shime13.png" ImageAnchor="64,128" Velocity="0,-2" Duration="4" />
				<Pose Image="/shime12.png" ImageAnchor="64,128" Velocity="0,-2" Duration="4" />
				<Pose Image="/shime14.png" ImageAnchor="64,128" Velocity="0,-2" Duration="4" />
			</Animation>

			<Animation Condition="#{TargetY &gt;= mascot.anchor.y}">
				<Pose Image="/shime14.png" ImageAnchor="64,128" Velocity="0,0" Duration="16" />
				<Pose Image="/shime14.png" ImageAnchor="64,128" Velocity="0,2" Duration="4" />
				<Pose Image="/shime12.png" ImageAnchor="64,128" Velocity="0,2" Duration="4" />
				<Pose Image="/shime13.png" ImageAnchor="64,128" Velocity="0,2" Duration="4" />
				<Pose Image="/shime13.png" ImageAnchor="64,128" Velocity="0,0" Duration="16" />
				<Pose Image="/shime13.png" ImageAnchor="64,128" Velocity="0,1" Duration="4" />
				<Pose Image="/shime12.png" ImageAnchor="64,128" Velocity="0,1" Duration="4" />
				<Pose Image="/shime14.png" ImageAnchor="64,128" Velocity="0,1" Duration="4" />
			</Animation>
		</Action>

		<!-- IE -->

		<Action Name="FallWithIe" Type="Embedded" Class="com.group_finity.mascot.action.FallWithIE"
			 IeOffsetX="0" IeOffsetY="-40">
			<Animation>
				<Pose Image="/shime31.png" ImageAnchor="64,128" Velocity="0,0" Duration="250" />
			</Animation>
		</Action>
		<Action Name="WalkWithIe" BorderType="Floor" Type="Embedded" Class="com.group_finity.mascot.action.WalkWithIE"
			 IeOffsetX="0" IeOffsetY="-40">
			<Animation>
				<Pose Image="/shime31.png" ImageAnchor="64,128" Velocity="-2,0" Duration="10" />
				<Pose Image="/shime32.png" ImageAnchor="64,128" Velocity="-2,0" Duration="10" />
				<Pose Image="/shime31.png" ImageAnchor="64,128" Velocity="-2,0" Duration="10" />
				<Pose Image="/shime32.png" ImageAnchor="64,128" Velocity="-2,0" Duration="10" />
			</Animation>
		</Action>
		<Action Name="RunWithIe" BorderType="Floor" Type="Embedded" Class="com.group_finity.mascot.action.WalkWithIE"
			 IeOffsetX="0" IeOffsetY="-40">
			<Animation>
				<Pose Image="/shime31.png" ImageAnchor="64,128" Velocity="-8,0" Duration="6" />
				<Pose Image="/shime32.png" ImageAnchor="64,128" Velocity="-8,0" Duration="6" />
				<Pose Image="/shime31.png" ImageAnchor="64,128" Velocity="-8,0" Duration="6" />
				<Pose Image="/shime32.png" ImageAnchor="64,128" Velocity="-8,0" Duration="6" />
			</Animation>
		</Action>
		<Action Name="ThrowIe" BorderType="Floor" Type="Embedded" Class="com.group_finity.mascot.action.ThrowIE"
			InitialVX="32" InitialVY="-10" Gravity="0.5">
			<Animation>
				<Pose Image="/shime37.png" ImageAnchor="64,128" Velocity="0,0" Duration="40" />
			</Animation>
		</Action>

		<!-- Falling -->

		<Action Name="Jumping" Type="Embedded" Class="com.group_finity.mascot.action.Jump"
			VelocityParam="20">
			<Animation>
				<Pose Image="/shime22.png" ImageAnchor="64,128" Velocity="0,0" Duration="250" />
			</Animation>
		</Action>

		<Action Name="Falling" Type="Embedded" Class="com.group_finity.mascot.action.Fall"
			RegistanceX="0.05" RegistanceY="0.1" Gravity="2">
			<Animation>
				<Pose Image="/shime4.png" ImageAnchor="64,128" Velocity="0,0" Duration="250" />
			</Animation>
		</Action>

		<Action Name="Bouncing" Type="Animate" BorderType="Floor">
			<Animation>
				<Pose Image="/shime18.png" ImageAnchor="64,128" Velocity="0,0" Duration="4" />
				<Pose Image="/shime19.png" ImageAnchor="64,128" Velocity="0,0" Duration="4" />
			</Animation>
		</Action>

		<Action Name="Tripping" Type="Animate" BorderType="Floor">
			<Animation>
				<Pose Image="/shime19.png" ImageAnchor="64,128" Velocity="-8,0" Duration="8" />
				<Pose Image="/shime18.png" ImageAnchor="64,128" Velocity="-4,0" Duration="4" />
				<Pose Image="/shime20.png" ImageAnchor="64,128" Velocity="-2,0" Duration="4" />
				<Pose Image="/shime20.png" ImageAnchor="64,128" Velocity="0,0" Duration="10" />
				<Pose Image="/shime19.png" ImageAnchor="64,104" Velocity="-4,0" Duration="4" />
			</Animation>
		</Action>


		<!-- Dragging -->

		<Action Name="Pinched" Type="Embedded" Class="com.group_finity.mascot.action.Dragged">
			<Animation Condition="#{FootX &lt; mascot.environment.cursor.x-50}"> <!-- left ~-50 -->
				<Pose Image="/shime9.png" ImageAnchor="64,128" Velocity="0,0" Duration="5" />
			</Animation>
			<Animation Condition="#{FootX &lt; mascot.environment.cursor.x-30}"> <!-- left -50~-30 -->
				<Pose Image="/shime7.png" ImageAnchor="64,128" Velocity="0,0" Duration="5" />
			</Animation>
			<Animation Condition="#{FootX &lt; mascot.environment.cursor.x-10}"> <!-- left -30~-10 -->
				<Pose Image="/shime5.png" ImageAnchor="64,128" Velocity="0,0" Duration="5" />
			</Animation>
			<Animation Condition="#{FootX &gt; mascot.environment.cursor.x-10 &amp;&amp; FootX &lt; mascot.environment.cursor.x+10}">	<!-- center -10~+10 -->
				<Pose Image="/shime1.png" ImageAnchor="64,128" Velocity="0,0" Duration="5" />
			</Animation>
			<Animation Condition="#{FootX &lt; mascot.environment.cursor.x+30}"> <!-- right +10~+30 -->
				<Pose Image="/shime6.png" ImageAnchor="64,128" Velocity="0,0" Duration="5"/>
			</Animation>
			<Animation Condition="#{FootX &lt; mascot.environment.cursor.x+50}"> <!-- right +30~+50 -->
				<Pose Image="/shime8.png" ImageAnchor="64,128" Velocity="0,0" Duration="5" />
			</Animation>
			<Animation Condition="#{FootX &gt;= mascot.environment.cursor.x+50}"> <!-- right +50~ -->
				<Pose Image="/shime10.png" ImageAnchor="64,128" Velocity="0,0" Duration="5" />
			</Animation>
		</Action>

		<!--<Action Name="PinchedRight" Type="Stay">
			<Animation> 
				<Pose Image="/shime8.png" ImageAnchor="64,128" Velocity="0,0" Duration="5" />
				<Pose Image="/shime6.png" ImageAnchor="64,128" Velocity="0,0" Duration="5"/>
				<Pose Image="/shime1.png" ImageAnchor="64,128" Velocity="0,0" Duration="5" />
			</Animation>
		</Action>

		<Action Name="PinchedLeft" Type="Stay">
			<Animation> 
				<Pose Image="/shime7.png" ImageAnchor="64,128" Velocity="0,0" Duration="5" />
				<Pose Image="/shime5.png" ImageAnchor="64,128" Velocity="0,0" Duration="5" />
				<Pose Image="/shime1.png" ImageAnchor="64,128" Velocity="0,0" Duration="5" />
			</Animation>
		</Action> -->

		<Action Name="Resisting" Type="Embedded" Class="com.group_finity.mascot.action.Regist">
			<Animation>
				<Pose Image="/shime5.png" ImageAnchor="64,128" Velocity="0,0" Duration="5" />	<!-- first trial -->
				<Pose Image="/shime6.png" ImageAnchor="64,128" Velocity="0,0" Duration="5" />
				<Pose Image="/shime5.png" ImageAnchor="64,128" Velocity="0,0" Duration="5" />
				<Pose Image="/shime6.png" ImageAnchor="64,128" Velocity="0,0" Duration="5" />
				<Pose Image="/shime1.png" ImageAnchor="64,128" Velocity="0,0" Duration="50" />
				<Pose Image="/shime5.png" ImageAnchor="64,128" Velocity="0,0" Duration="5" /> <!-- second trial -->
				<Pose Image="/shime6.png" ImageAnchor="64,128" Velocity="0,0" Duration="5" />
				<Pose Image="/shime5.png" ImageAnchor="64,128" Velocity="0,0" Duration="5" />
				<Pose Image="/shime6.png" ImageAnchor="64,128" Velocity="0,0" Duration="5" />
				<Pose Image="/shime5.png" ImageAnchor="64,128" Velocity="0,0" Duration="5" />
				<Pose Image="/shime6.png" ImageAnchor="64,128" Velocity="0,0" Duration="5" />
				<Pose Image="/shime5.png" ImageAnchor="64,128" Velocity="0,0" Duration="5" />
				<Pose Image="/shime6.png" ImageAnchor="64,128" Velocity="0,0" Duration="5" />
				<Pose Image="/shime1.png" ImageAnchor="64,128" Velocity="0,0" Duration="100" />
				<Pose Image="/shime5.png" ImageAnchor="64,128" Velocity="0,0" Duration="5" /> <!-- third trial -->
				<Pose Image="/shime6.png" ImageAnchor="64,128" Velocity="0,0" Duration="5" />
				<Pose Image="/shime5.png" ImageAnchor="64,128" Velocity="0,0" Duration="5" />
				<Pose Image="/shime6.png" ImageAnchor="64,128" Velocity="0,0" Duration="5" />
				<Pose Image="/shime5.png" ImageAnchor="64,128" Velocity="0,0" Duration="5" />
				<Pose Image="/shime6.png" ImageAnchor="64,128" Velocity="0,0" Duration="5" />
				<Pose Image="/shime5.png" ImageAnchor="64,128" Velocity="0,0" Duration="5" />
				<Pose Image="/shime6.png" ImageAnchor="64,128" Velocity="0,0" Duration="5" />
				<Pose Image="/shime5.png" ImageAnchor="64,128" Velocity="0,0" Duration="2" />
				<Pose Image="/shime6.png" ImageAnchor="64,128" Velocity="0,0" Duration="2" />
				<Pose Image="/shime5.png" ImageAnchor="64,128" Velocity="0,0" Duration="2" />
				<Pose Image="/shime6.png" ImageAnchor="64,128" Velocity="0,0" Duration="2" />
				<Pose Image="/shime7.png" ImageAnchor="64,128" Velocity="0,0" Duration="2" />
				<Pose Image="/shime8.png" ImageAnchor="64,128" Velocity="0,0" Duration="2" />
				<Pose Image="/shime7.png" ImageAnchor="64,128" Velocity="0,0" Duration="2" />
				<Pose Image="/shime8.png" ImageAnchor="64,128" Velocity="0,0" Duration="2" />
				<Pose Image="/shime9.png" ImageAnchor="64,128" Velocity="0,0" Duration="3" />
				<Pose Image="/shime10.png" ImageAnchor="64,128" Velocity="0,0" Duration="3" />
				<Pose Image="/shime9.png" ImageAnchor="64,128" Velocity="0,0" Duration="3" />
				<Pose Image="/shime10.png" ImageAnchor="64,128" Velocity="0,0" Duration="3" />

			</Animation>
		</Action>

	</ActionList>

	<!-- Actual Behavior: link to same-named behaviors -->
	<ActionList>

		<!-- ALWAYS REQUIRED -->
		<Action Name="Fall" Type="Sequence" Loop="false">
			<ActionReference Name="Falling"/>
			<Action Type="Select">
				<Action Type="Sequence" Condition="${mascot.environment.floor.isOn(mascot.anchor) ||
					mascot.environment.activeIE.topBorder.isOn(mascot.anchor) }">
					<ActionReference Name="Bouncing"/>
					<ActionReference Name="Stand" Duration="${100+Math.random()*100}" />
				</Action>
				<ActionReference Name="GrabWall" Duration="100" />
			</Action>
		</Action>

		<!-- ALWAYS REQUIRED -->
		<Action Name="Dragged" Type="Sequence" Loop="true">
			<ActionReference Name="Pinched"/>
			<ActionReference Name="Resisting" />
		</Action>


		<!-- ALWAYS REQUIRED -->
		<Action Name="Thrown" Type="Sequence" Loop="false">
			<ActionReference Name="Falling" InitialVX="${mascot.environment.cursor.dx}" InitialVY="${mascot.environment.cursor.dy}"/>
			<Action Type="Select">
				<Action Type="Sequence" Condition="${mascot.environment.floor.isOn(mascot.anchor) || mascot.environment.activeIE.topBorder.isOn(mascot.anchor) }">
					<ActionReference Name="Bouncing"/>
					<ActionReference Name="Stand" Duration="${100+Math.random()*100}" />
				</Action>
				<ActionReference Name="GrabWall" Duration="100" />
			</Action>
		</Action>

		<Action Name="StandUp" Type="Sequence" Loop="false">
			<ActionReference Name="Stand" Duration="${500+Math.random()*1000}" />
		</Action>

		<Action Name="SitDown" Type="Sequence" Loop="false">
			<ActionReference Name="Sit" Duration="${500+Math.random()*1000}" />
		</Action>

		<Action Name="LieDown" Type="Sequence" Loop="false">
			<ActionReference Name="Sprawl" Duration="${500+Math.random()*1000}" />
		</Action>

		<!-- Sleep & Wake -->

		<Action Name="Sleep" Type="Sequence" Loop="true" Duration="${230+(Math.random()%0.2+1)*50}">
			<ActionReference Name="Look" LookRight="false"/>
			<ActionReference Name="SleepZ"/>
		</Action>

		<Action Name="Dream" Type="Sequence" Loop="false">
			<ActionReference Name="Look" LookRight="false"/>
			<ActionReference Name="DreamSingle" Duration="50"/>
			<ActionReference Name="DreamSingle" Duration="50"/>
			<ActionReference Name="DreamSingle" Duration="50"/>
		</Action>

		<Action Name="WakeFromDream" Type="Sequence" Loop="false">
			<!-- not need look -->
			<ActionReference Name="WakeFromDreamAction"/>
			<ActionReference Name="Stand" Duration="${50+Math.random()*10}"/>
		</Action>

		<Action Name="WakeFromSleep" Type="Sequence" Loop="false">
			<!-- not need look -->
			<ActionReference Name="WakeFromSleepAction"/>
			<ActionReference Name="Stand" Duration="${50+Math.random()*10}"/>
		</Action>

		<!-- <Action Name="SitWhileDanglingLegs" Type="Sequence" Loop="false"> -->
			<!-- <ActionReference Name="SitWithLegsUp" Duration="10" />
			<ActionReference Name="SitWithLegsDown" Duration="${100+Math.random()*100}" />
			<ActionReference Name="SitAndDangleLegs" Duration="${500+Math.random()*100}" />
			<ActionReference Name="SitWithLegsDown" Duration="${100+Math.random()*100}" />
			<ActionReference Name="SitWithLegsUp" Duration="10" /> -->
		<!-- </Action> -->

		<Action Name="Dance" Type="Sequence" BorderType="Floor" Loop="true" Duration="360">
			<ActionReference Name="DancePart" Duration="60" />
			<ActionReference Name="Look" LookRight="${!mascot.lookRight}"/>
			<ActionReference Name="DancePart" Duration="60" />s
			<ActionReference Name="Look" LookRight="${!mascot.lookRight}"/>
		</Action>		

		<Action Name="HoldOntoWall" Type="Sequence" Loop="false">
			<ActionReference Name="GrabWall" Duration="${500+Math.random()*1000}" />
		</Action>

		<Action Name="FallFromWall" Type="Sequence" Loop="false">
			<ActionReference Name="Offset" X="${mascot.lookRight ? -1 : 1}" />
			<ActionReference Name="Stand" />
		</Action>

		<Action Name="HoldOntoCeiling" Type="Sequence" Loop="false">
			<ActionReference Name="GrabCeiling" Duration="${500+Math.random()*1000}" />
		</Action>

		<Action Name="FallFromCeiling" Type="Sequence" Loop="false">
			<ActionReference Name="Offset" Y="1" />
			<ActionReference Name="Stand" />
		</Action>

		<Action Name="WalkAlongWorkAreaFloor" Type="Sequence" Loop="false">
			<ActionReference Name="Walk" TargetX="${mascot.environment.workArea.left+64+Math.random()*(mascot.environment.workArea.width-128)}" />
		</Action>

		<Action Name="RunAlongWorkAreaFloor" Type="Sequence" Loop="false">
			<ActionReference Name="Run" TargetX="${mascot.environment.workArea.left+64+Math.random()*(mascot.environment.workArea.width-128)}" />
		</Action>

		<Action Name="CrawlAlongWorkAreaFloor" Type="Sequence" Loop="false">
			<ActionReference Name="Creep" TargetX="${mascot.environment.workArea.left+64+Math.random()*(mascot.environment.workArea.width-128)}" />
		</Action>

		<Action Name="WalkLeftAlongFloorAndSit" Type="Sequence" Loop="false">
			<ActionReference Name="Walk" TargetX="${mascot.environment.workArea.left+100+Math.random()*300}" />
			<ActionReference Name="Stand" Duration="${20+Math.random()*20}" />
			<ActionReference Name="Look" LookRight="true" />
			<ActionReference Name="Stand" Duration="${20+Math.random()*20}" />
			<ActionReference Name="Sit" Duration="${500+Math.random()*1000}" />
		</Action>

		<Action Name="WalkRightAlongFloorAndSit" Type="Sequence" Loop="false">
			<ActionReference Name="Walk" TargetX="${mascot.environment.workArea.right-100-Math.random()*300}" />
			<ActionReference Name="Stand" Duration="${20+Math.random()*20}" />
			<ActionReference Name="Look" LookRight="false" />
			<ActionReference Name="Stand" Duration="${20+Math.random()*20}" />
			<ActionReference Name="Sit" Duration="${500+Math.random()*1000}" />
		</Action>

		<Action Name="GrabWorkAreaBottomLeftWall" Type="Sequence" Loop="false">
			<ActionReference Name="Walk" TargetX="#{mascot.environment.workArea.left}" />
			<ActionReference Name="ClimbWall" TargetY="#{mascot.environment.workArea.bottom-64}" />
		</Action>

		<Action Name="GrabWorkAreaBottomRightWall" Type="Sequence" Loop="false">
			<ActionReference Name="Walk" TargetX="#{mascot.environment.workArea.right}" />
			<ActionReference Name="ClimbWall" TargetY="#{mascot.environment.workArea.bottom-64}" />
		</Action>

		<Action Name="WalkLeftAndSit" Type="Sequence" Loop="false">
			<ActionReference Name="Run" TargetX="${mascot.environment.workArea.left+100+Math.random()*300}" />
			<ActionReference Name="Stand" Duration="${20+Math.random()*20}" />
			<ActionReference Name="Look" LookRight="true" />
			<ActionReference Name="Stand" Duration="${20+Math.random()*20}" />
			<ActionReference Name="Sit" Duration="${500+Math.random()*1000}" />
		</Action>

		<Action Name="WalkRightAndSit" Type="Sequence" Loop="false">
			<ActionReference Name="Run" TargetX="${mascot.environment.workArea.right-100-Math.random()*300}" />
			<ActionReference Name="Stand" Duration="${20+Math.random()*20}" />
			<ActionReference Name="Look" LookRight="false" />
			<ActionReference Name="Stand" Duration="${20+Math.random()*20}" />
			<ActionReference Name="Sit" Duration="${500+Math.random()*1000}" />
		</Action>

		<Action Name="WalkAndGrabBottomLeftWall" Type="Sequence" Loop="false">
			<ActionReference Name="Run" TargetX="#{mascot.environment.workArea.left}" />
			<ActionReference Name="ClimbWall" TargetY="#{mascot.environment.workArea.bottom-64}" />
		</Action>

		<Action Name="WalkAndGrabBottomRightWall" Type="Sequence" Loop="false">
			<ActionReference Name="Run" TargetX="#{mascot.environment.workArea.right}" />
			<ActionReference Name="ClimbWall" TargetY="#{mascot.environment.workArea.bottom-64}" />
		</Action>

		<Action Name="JumpFromBottomOfIE" Type="Sequence" Loop="false">
			<ActionReference Name="Jumping" TargetX="${(mascot.anchor.x*3+mascot.environment.activeIE.left+Math.random()*mascot.environment.activeIE.width)/4}"
				 TargetY="${mascot.environment.activeIE.bottom}" />
			<ActionReference Name="GrabCeiling" Duration="${100+Math.random()*100}" />
		</Action>

		<Action Name="ClimbHalfwayAlongWall" Type="Sequence" Loop="false">
			<ActionReference Name="ClimbWall" TargetY="${mascot.environment.workArea.top+64 + Math.random()*(mascot.environment.workArea.height-128)}" />
		</Action>

		<Action Name="ClimbAlongWall" Type="Sequence" Loop="false">
			<ActionReference Name="ClimbWall" TargetY="#{mascot.environment.workArea.top+100}" />
			<ActionReference Name="Offset" Y="-70" />
			<ActionReference Name="Look" />
			<ActionReference Name="Flying" TargetX="${mascot.lookRight ? mascot.environment.workArea.left+Math.random()*100 : mascot.environment.workArea.right-Math.random*100}" />
			<!-- <ActionReference Name="ClimbCeiling" TargetX="${mascot.lookRight ? mascot.environment.workArea.left+Math.random()*100 : mascot.environment.workArea.right-Math.random*100}" /> -->
		</Action>

		<Action Name="FlyAlongCeiling" Type="Sequence" Loop="false">
			<ActionReference Name="Flying" TargetX="${mascot.environment.workArea.left+64+Math.random()*(mascot.environment.workArea.width-128)}" />
		</Action>
		<!-- <Action Name="ClimbAlongCeiling" Type="Sequence" Loop="false">
			<ActionReference Name="ClimbCeiling" TargetX="${mascot.environment.workArea.left+64+Math.random()*(mascot.environment.workArea.width-128)}" />
		</Action> -->

		<Action Name="WalkAlongIECeiling" Type="Sequence" Loop="false">
			<ActionReference Name="Walk" TargetX="${mascot.environment.activeIE.left+64+Math.random()*(mascot.environment.activeIE.width-128)}" />
		</Action>

		<Action Name="RunAlongIECeiling" Type="Sequence" Loop="false">
			<ActionReference Name="Run" TargetX="${mascot.environment.activeIE.left+64+Math.random()*(mascot.environment.activeIE.width-128)}" />
		</Action>

		<Action Name="CrawlAlongIECeiling" Type="Sequence" Loop="false">
			<ActionReference Name="Creep" TargetX="${mascot.environment.activeIE.left+64+Math.random()*(mascot.environment.activeIE.width-128)}" />
		</Action>

		<Action Name="SitOnTheLeftEdgeOfIE" Type="Sequence" Loop="false">
			<ActionReference Name="Walk" TargetX="${mascot.environment.activeIE.left+100+Math.random()*300}" />
			<ActionReference Name="Stand" Duration="${100+Math.random()*100}" />
			<ActionReference Name="Sit" Duration="${500+Math.random()*1000}" />
		</Action>

		<Action Name="SitOnTheRightEdgeOfIE" Type="Sequence" Loop="false">
			<ActionReference Name="Walk" TargetX="${mascot.environment.activeIE.right-100-Math.random()*300}" />
			<ActionReference Name="Stand" Duration="${100+Math.random()*100}" />
			<ActionReference Name="Sit" Duration="${500+Math.random()*1000}" />
		</Action>

		<Action Name="JumpFromLeftEdgeOfIE" Type="Sequence" Loop="false">
			<ActionReference Name="Walk" TargetX="${mascot.environment.activeIE.left+Math.random()*50}" />
			<ActionReference Name="Stand" Duration="${50+Math.random()*50}" />
			<ActionReference Name="Falling" InitialVX="${-15-Math.random()*5}" InitialVY="${-20-Math.random()*5}"/>
			<ActionReference Name="Bouncing" />
		</Action>

		<Action Name="JumpFromRightEdgeOfIE" Type="Sequence" Loop="false">
			<ActionReference Name="Walk" TargetX="${mascot.environment.activeIE.right-Math.random()*50}" />
			<ActionReference Name="Stand" Duration="${50+Math.random()*50}" />
			<ActionReference Name="Falling" InitialVX="${15+Math.random()*5}" InitialVY="${-20-Math.random()*5}"/>
			<ActionReference Name="Bouncing" />
		</Action>

		<Action Name="WalkLeftAlongIEAndSit" Type="Sequence" Loop="false">
			<ActionReference Name="Run" TargetX="${mascot.environment.activeIE.left+100+Math.random()*300}" />
			<ActionReference Name="Stand" Duration="${100+Math.random()*100}" />
			<ActionReference Name="Sit" Duration="${500+Math.random()*1000}" />
		</Action>

		<Action Name="WalkRightAlongIEAndSit" Type="Sequence" Loop="false">
			<ActionReference Name="Run" TargetX="${mascot.environment.activeIE.right-100-Math.random()*300}" />
			<ActionReference Name="Stand" Duration="${100+Math.random()*100}" />
			<ActionReference Name="Sit" Duration="${500+Math.random()*1000}" />
		</Action>

		<Action Name="WalkLeftAlongIEAndJump" Type="Sequence" Loop="false">
			<ActionReference Name="Run" TargetX="${mascot.environment.activeIE.left+Math.random()*50}" />
			<ActionReference Name="Falling" InitialVX="${-15-Math.random()*5}" InitialVY="${-20-Math.random()*5}"/>
			<ActionReference Name="Bouncing" />
		</Action>

		<Action Name="WalkRightAlongIEAndJump" Type="Sequence" Loop="false">
			<ActionReference Name="Run" TargetX="${mascot.environment.activeIE.right-Math.random()*50}" />
			<ActionReference Name="Falling" InitialVX="${15+Math.random()*5}" InitialVY="${-20-Math.random()*5}"/>
			<ActionReference Name="Bouncing" />
		</Action>

		<Action Name="DashIeCeilingLeftEdgeFromJump" Type="Sequence" Loop="false">
			<ActionReference Name="Dash" TargetX="${mascot.environment.activeIE.left+Math.random()*20+20}" />
			<ActionReference Name="Falling" InitialVX="${-5-Math.random()*2}" InitialVY="${-20-Math.random()*5}"/>
			<ActionReference Name="Bouncing" />
		</Action>

		<Action Name="DashIeCeilingRightEdgeFromJump" Type="Sequence" Loop="false">
			<ActionReference Name="Dash" TargetX="${mascot.environment.activeIE.right-Math.random()*20-20}" />
			<ActionReference Name="Falling" InitialVX="${5+Math.random()*2}" InitialVY="${-20-Math.random()*5}"/>
			<ActionReference Name="Bouncing" />
		</Action>

		<Action Name="HoldOntoIEWall" Type="Sequence" Loop="false">
			<ActionReference Name="ClimbWall" TargetY="${mascot.environment.activeIE.top+64 + Math.random()*(mascot.environment.activeIE.height-128)}" />
		</Action>

		<Action Name="ClimbIEWall" Type="Sequence" Loop="false">
			<ActionReference Name="ClimbWall" TargetY="#{mascot.environment.activeIE.top+64}" />
			<ActionReference Name="Offset" Y="-64" />
			<ActionReference Name="Sit" Duration="5" />
			<ActionReference Name="Stand" Duration="${10+Math.random()*10}" />
			<ActionReference Name="Walk" TargetX="${mascot.lookRight ? mascot.environment.activeIE.left+Math.random()*100 : mascot.environment.activeIE.right-Math.random*100}" />
		</Action>
<!-- 
		<Action Name="ClimbIEBottom" Type="Sequence" Loop="false">
			<ActionReference Name="ClimbCeiling" TargetX="${mascot.environment.activeIE.left+64+(Math.random()*mascot.environment.activeIE.width-128)}" />
		</Action> -->

		<Action Name="FlyIEBottom" Type="Sequence" Loop="false">
			<ActionReference Name="Flying" TargetX="${mascot.environment.activeIE.left+64+(Math.random()*mascot.environment.activeIE.width-128)}" />
		</Action>

		<Action Name="GrabIEBottomLeftWall" Type="Sequence" Loop="false">
			<ActionReference Name="Flying" TargetX="#{mascot.environment.activeIE.left}" />
			<!-- <ActionReference Name="ClimbCeiling" TargetX="#{mascot.environment.activeIE.left}" /> -->
			<ActionReference Name="Look" />
			<ActionReference Name="ClimbWall" TargetY="#{mascot.environment.activeIE.bottom-64}" />
		</Action>

		<Action Name="GrabIEBottomRightWall" Type="Sequence" Loop="false">
			<ActionReference Name="Flying" TargetX="#{mascot.environment.activeIE.right}" />
			<!-- <ActionReference Name="ClimbCeiling" TargetX="#{mascot.environment.activeIE.right}" /> -->
			<ActionReference Name="Look" />
			<ActionReference Name="ClimbWall" TargetY="#{mascot.environment.activeIE.bottom-64}" />
		</Action>

		<Action Name="JumpFromLeftWall" Type="Sequence" Loop="false">
			<ActionReference Name="Jumping" TargetX="${mascot.environment.workArea.left}" TargetY="${mascot.environment.workArea.bottom-Math.random()*mascot.environment.workArea.height/4}" />
			<ActionReference Name="GrabWall" Duration="${100+Math.random()*100}" />
		</Action>

		<Action Name="JumpFromRightWall" Type="Sequence" Loop="false">
			<ActionReference Name="Jumping" TargetX="${mascot.environment.workArea.right}" TargetY="${mascot.environment.workArea.bottom-Math.random()*mascot.environment.workArea.height/4}" />
			<ActionReference Name="GrabWall" Duration="${100+Math.random()*100}" />
		</Action>

		<Action Name="JumpOnIELeftWall" Type="Sequence" Loop="false">
			<ActionReference Name="Jumping" TargetX="${mascot.environment.activeIE.left}" TargetY="${mascot.environment.activeIE.bottom-Math.random()*mascot.environment.activeIE.height/4}" />
			<ActionReference Name="GrabWall" Duration="${100+Math.random()*100}" />
		</Action>

		<Action Name="JumpOnIERightWall" Type="Sequence" Loop="false">
			<ActionReference Name="Jumping" TargetX="${mascot.environment.activeIE.right}" TargetY="${mascot.environment.activeIE.bottom-Math.random()*mascot.environment.activeIE.height/4}" />
			<ActionReference Name="GrabWall" Duration="${100+Math.random()*100}" />
		</Action>

		<Action Name="ThrowIEFromLeft" Type="Sequence" Loop="false">
			<ActionReference Name="Jumping" TargetX="${mascot.environment.activeIE.left}" TargetY="${mascot.environment.activeIE.bottom+40}" />
			<ActionReference Name="FallWithIe" />
			<ActionReference Name="WalkWithIe" TargetX="#{mascot.environment.workArea.right-400}" />
			<ActionReference Name="ThrowIe" />
			<ActionReference Name="Stand" Duration="${10+Math.random()*50}" />
			<ActionReference Name="Stare" Duration="${50+Math.random()*50}"/>
			<ActionReference Name="Look" />
			<ActionReference Name="Dance" Duration="${100+Math.random()*50}" />

		</Action>
		<Action Name="ThrowIEFromRight" Type="Sequence" Loop="false">
			<ActionReference Name="Jumping" TargetX="${mascot.environment.activeIE.right}" TargetY="${mascot.environment.activeIE.bottom+40}" />
			<ActionReference Name="FallWithIe" />
			<ActionReference Name="WalkWithIe" TargetX="#{mascot.environment.workArea.left+400}" />
			<ActionReference Name="ThrowIe" />
			<ActionReference Name="Stand" Duration="${10+Math.random()*50}" />
			<ActionReference Name="Stare" Duration="${100+Math.random()*50}"/>
			<ActionReference Name="Look" />
			<ActionReference Name="Dance" Duration="${100+Math.random()*50}" />
		</Action>
		<Action Name="WalkAndThrowIEFromLeft" Type="Sequence" Loop="false">
			<ActionReference Name="Jumping" TargetX="${mascot.environment.activeIE.left}" TargetY="${mascot.environment.activeIE.bottom+40}" />
			<ActionReference Name="FallWithIe" />
			<ActionReference Name="RunWithIe" TargetX="#{mascot.environment.workArea.right-400}" />
			<ActionReference Name="ThrowIe" />
			<ActionReference Name="Stand" Duration="${10+Math.random()*50}" />
			<ActionReference Name="Stare" Duration="${50+Math.random()*50}"/>
			<ActionReference Name="Look" />
			<ActionReference Name="Dance" Duration="${100+Math.random()*50}" />
		</Action>
		<Action Name="WalkAndThrowIEFromRight" Type="Sequence" Loop="false">
			<ActionReference Name="Jumping" TargetX="${mascot.environment.activeIE.right}" TargetY="${mascot.environment.activeIE.bottom+40}" />
			<ActionReference Name="FallWithIe" />
			<ActionReference Name="RunWithIe" TargetX="#{mascot.environment.workArea.left+400}" />
			<ActionReference Name="ThrowIe" />
			<ActionReference Name="Stand" Duration="${10+Math.random()*50}" />
			<ActionReference Name="Stare" Duration="${50+Math.random()*50}"/>
			<ActionReference Name="Look" />
			<ActionReference Name="Dance" Duration="${100+Math.random()*50}" />
		</Action>

		<Action Name="ChaseMouse" Type="Sequence" Loop="false">
			<!-- Preparation /> -->
			<Action Type="Sequence" Condition="${mascot.environment.ceiling.isOn(mascot.anchor) || mascot.environment.activeIE.bottomBorder.isOn(mascot.anchor)}">
				<ActionReference Name="Offset" Y="1" />
				<ActionReference Name="Falling"/>
				<ActionReference Name="Bouncing" />
			</Action>
			<Action Type="Sequence" Condition="${mascot.environment.workArea.leftBorder.isOn(mascot.anchor) || mascot.environment.activeIE.rightBorder.isOn(mascot.anchor)}">
				<ActionReference Name="Offset" X="1" />
				<ActionReference Name="Falling"/>
				<ActionReference Name="Bouncing" />
			</Action>
			<Action Type="Sequence" Condition="${mascot.environment.workArea.rightBorder.isOn(mascot.anchor) || mascot.environment.activeIE.leftBorder.isOn(mascot.anchor)}">
				<ActionReference Name="Offset" X="-1" />
				<ActionReference Name="Falling"/>
				<ActionReference Name="Bouncing" />
			</Action>
			<Action Type="Select">
				<ActionReference Name="DashIeCeilingLeftEdgeFromJump"
					Condition="${mascot.environment.activeIE.topBorder.isOn(mascot.anchor) &amp;&amp;
					mascot.anchor.x &lt; (mascot.environment.activeIE.left+mascot.environment.activeIE.right)/2}"/>
				<ActionReference Name="DashIeCeilingRightEdgeFromJump"
					Condition="${mascot.environment.activeIE.topBorder.isOn(mascot.anchor) &amp;&amp;
					mascot.anchor.x &gt;= (mascot.environment.activeIE.left+mascot.environment.activeIE.right)/2}" />
			</Action>

			<!-- Chase -->
			<!-- <ActionReference Name="Look" LookRight="${mascot.anchor.x &lt; mascot.environment.cursor.x}" /> -->
			<ActionReference Name="Dash" TargetX="#{ mascot.anchor.x+(mascot.environment.cursor.x-mascot.anchor.x)*Math.random()/2 }" />
			<ActionReference Name="Tripping" Condition="${Math.random() &lt; 0.05}" />

			<!-- Fast Dash with highly possible Tripping (0.3), or Normal Dash with possibile Tripping (0.7) -->
			<!-- <ActionReference Name="Look" LookRight="${mascot.anchor.x &lt; mascot.environment.cursor.x}" /> -->
			<Action Type="Select">
				<Action Type="Sequence" Condition="${Math.random() &lt; 0.3}" >
					<ActionReference Name="FastDash" TargetX="#{ mascot.anchor.x+(mascot.environment.cursor.x-mascot.anchor.x + 100)*Math.random() }" />
					<ActionReference Name="Tripping" Condition="${Math.random() &lt; 0.5}"/>
				</Action>
				<Action Type="Sequence">
					<ActionReference Name="Dash" TargetX="#{ mascot.anchor.x+(mascot.environment.cursor.x-mascot.anchor.x)*Math.random() }" />
					<ActionReference Name="Tripping" Condition="${Math.random() &lt; 0.05}" />
				</Action>
			</Action>
			<!-- Final Dash -->
			<!-- <ActionReference Name="Look" LookRight="#{mascot.anchor.x &lt; mascot.environment.cursor.x}" /> -->
			<ActionReference Name="Dash" TargetX="#{mascot.environment.cursor.x+Gap}"
				Gap="#{ mascot.anchor.x &lt; mascot.environment.cursor.x ?
					-Math.min( mascot.environment.cursor.x-mascot.anchor.x, Math.random()*200) :
					Math.min( mascot.anchor.x-mascot.environment.cursor.x, Math.random()*200 ) }" />	 
					<!-- Gap is the distance to the cursor, but random  -->
			<ActionReference Name="Look" LookRight="${mascot.anchor.x &lt; mascot.environment.cursor.x}" />
		</Action>

		<Action Name="SitAndFaceMouse" Type="Sequence" Loop="true" Duration="300">
			<ActionReference Name="SitAndLookAtMouse" Duration="${10+Math.random()*10}" />
			<ActionReference Name="Look" LookRight="${mascot.anchor.x &lt; mascot.environment.cursor.x}" />
		</Action>
		<Action Name="SitAndSpinHead" Type="Sequence" Loop="false">
			<ActionReference Name="SitAndSpinHeadAction" />
		</Action>

		<Action Name="PullUpShimeji1" Type="Embedded" Class="com.group_finity.mascot.action.Breed"
			BornX="-32" BornY="96" BornBehavior="PullUp">
			<Animation>
				<Pose Image="/shime1.png" ImageAnchor="64,128" Velocity="0,0" Duration="16" />
				<Pose Image="/shime38.png" ImageAnchor="96,128" Velocity="0,0" Duration="4" />
				<Pose Image="/shime39.png" ImageAnchor="96,128" Velocity="0,0" Duration="40" />
				<Pose Image="/shime40.png" ImageAnchor="96,128" Velocity="0,0" Duration="40" />
				<Pose Image="/shime41.png" ImageAnchor="96,128" Velocity="0,0" Duration="40" />
			</Animation>
		</Action>
		<Action Name="PullUpShimeji2" Type="Animate">
			<Animation>
				<Pose Image="/shime9.png" ImageAnchor="32,128" Velocity="20,-20" Duration="1" />
				<Pose Image="/shime9.png" ImageAnchor="32,128" Velocity="20,-10" Duration="1" />
				<Pose Image="/shime9.png" ImageAnchor="32,128" Velocity="20,-5" Duration="1" />
			</Animation>
		</Action>
		<Action Name="PullUpShimeji" Type="Sequence">
			<ActionReference Name="PullUpShimeji1" />
			<ActionReference Name="Offset" Y="-30" />
			<ActionReference Name="PullUpShimeji2" />
			<ActionReference Name="Falling" InitialVX="${mascot.lookRight ? -20 : 20}"/>
			<ActionReference Name="Bouncing" />
			<ActionReference Name="Sprawl" Duration="40" />
		</Action>

		<Action Name="PullUp" Type="Sequence">
			<ActionReference Name="Falling" InitialVX="${mascot.lookRight ? 10 : -10}" InitialVY="-40"/>
			<ActionReference Name="Bouncing" />
		</Action>
		<Action Name="Divide1" Type="Embedded" Class="com.group_finity.mascot.action.Breed"
			BornX="-16" BornY="0" BornBehavior="Divided">
			<Animation>
				<Pose Image="/shime42.png" ImageAnchor="64,128" Velocity="0,0" Duration="5" />
				<Pose Image="/shime43.png" ImageAnchor="64,128" Velocity="0,0" Duration="2" />
				<Pose Image="/shime44.png" ImageAnchor="64,128" Velocity="0,0" Duration="2" />
				<Pose Image="/shime45.png" ImageAnchor="64,128" Velocity="0,0" Duration="5" />
				<Pose Image="/shime46.png" ImageAnchor="64,128" Velocity="0,0" Duration="20" />
			</Animation>
		</Action>
		<Action Name="SplitIntoTwo" Type="Sequence">
			<ActionReference Name="Divide1" />
			<ActionReference Name="Offset" X="16" />
			<ActionReference Name="Look" />
			<ActionReference Name="Divided" />
		</Action>
		<Action Name="Divided" Type="Sequence">
			<ActionReference Name="Falling" InitialVX="${mascot.lookRight ? 10 : -10}" InitialVY="-5"/>
			<ActionReference Name="Bouncing" />
		</Action>
	</ActionList>

</Mascot>
